address,price,details
4208+Tulane+Ave,"$1,423,500","5 bds 4 ba 3,850 sqft"
1582+W+31st+St,"$649,999","5 bds 3 ba 2,209 sqft"
3615+Faust+Ave,"$849,000","3 bds 2 ba 1,664 sqft"
1312+E+Luray+St,"$659,000","4 bds 2 ba 1,836 sqft"
5615+Dairy+Ave,"$439,000",3 bds 1 ba 956 sqft
1844+E+65th+St,"$475,000","2 bds 1 ba 1,260 sqft"
1701+Orizaba+Ave,"$449,000",3 bds 2 ba 892 sqft
2631+Daisy+Ave,"$450,000","2 bds 1 ba 1,112 sqft"
100+Atlantic+Ave+APT+811,"$250,000",Studio1 ba 490 sqft
6831+E+Septimo+St,"$879,900","4 bds 2 ba 1,626 sqft"
63+Pomona+Ave,"$1,600,000","3 bds 3 ba 2,119 sqft"
4550+Graywood+Ave,"$1,129,000","4 bds 3 ba 2,700 sqft"
115+E+59th+St,"$575,000","3 bds 2 ba 1,621 sqft"
5455+Dairy+Ave,"$469,900",2 bds 1 ba 640 sqft
3763+Faust+Ave,"$724,900","3 bds 2 ba 1,807 sqft"
1450+Locust+Ave+APT+123,"$179,900",1 bd1 ba 471 sqft
6274+E+Marina+View+Dr+#+318,"$304,999","2 bds 2 ba 1,350 sqft"
5436+E+The+Toledo,"$6,400,000","4 bds 4 ba 4,622 sqft"
4724+Montair+Ave,"$699,990","3 bds 2 ba 1,432 sqft"
640+W+4th+St+UNIT+314,"$315,000",1 bd1 ba 622 sqft
1730+Lemon+Ave,"$485,000","3 bds 2 ba 1,286 sqft"
3772+Albury+Ave,"$915,000","6 bds 4 ba 2,700 sqft"
1770+Ximeno+Ave+APT+206,"$400,000","2 bds 2 ba 1,076 sqft"
3008+Shadypark+Dr,"$825,000","5 bds 2 ba 2,104 sqft"
4738+Pearce+Ave,"$565,000",2 bds 1 ba 888 sqft
215+E+Ellis+St,"$550,000","3 bds 2 ba 1,474 sqft"
2946+Gale+Ave,"$559,900","3 bds 3 ba 1,666 sqft"
100+Atlantic+Ave+APT+612,"$418,000",2 bds 1 ba 730 sqft
7040+E+Mezzanine+Way,"$1,195,000","4 bds 2 ba 2,055 sqft"
504+Nebraska+Ave,"$525,000",2 bds 2 ba 830 sqft
4774+E+Malta+St+APT+1,"$549,900","3 bds 3 ba 1,660 sqft"
3603+Ostrom+Ave,"$784,900","3 bds 2 ba 1,659 sqft"
5150+E+Wardlow+Rd,"$658,000","4 bds 2 ba 1,604 sqft"
20+37th+Pl,"$10,995,000","3 bds 6 ba 7,692 sqft"
2840+E+10th+St,"$615,000","2 bds 2 ba 1,119 sqft"
6425+Orizaba+Ave,"$639,900","3 bds 2 ba 1,463 sqft"
1517+E+16th+St,"$369,000",1 bd1 ba 582 sqft
5203+E+Spring+St,"$689,000","3 bds 2 ba 1,130 sqft"
4219+E+6th+St,"$995,000","4 bds 3 ba 2,013 sqft"
1171+Bryant+Rd,"$2,595,000","5 bds 4 ba 4,134 sqft"
2160+Pine+Ave,"$620,000","4 bds 2 ba 2,144 sqft"
85+Prospect+Ave,"$1,079,900","3 bds 1 ba 1,390 sqft"
2905+Magnolia+Ave,"$834,900","3 bds 3 ba 2,393 sqft"
3126+Charlemagne+Ave,"$739,900","3 bds 2 ba 1,309 sqft"
2919+E+Vista+St,"$1,199,999","5 bds 2 ba 2,054 sqft"
1723+Cedar+Ave+UNIT+318,"$315,000",2 bds 2 ba 826 sqft
3714+Maine+Ave,"$649,000","3 bds 2 ba 1,825 sqft"
3595+Santa+Fe+Ave+SPC+288,"$499,000","3 bds 2 ba 1,600 sqft"
1582+W+31st+St,"$649,999","5 bds 3 ba 2,209 sqft"
800+E+Ocean+Blvd+UNIT+1508,"$750,000","2 bds 2 ba 2,872 sqft"
3721+E+Poppy+St,"$549,000","3 bds 2 ba 1,386 sqft"
1318+E+2nd+St+APT+10,"$519,000","2 bds 2 ba 1,065 sqft"
5454+E+Ocean+Blvd,"$4,299,000","5 bds 3 ba 2,730 sqft"
4200+E+Broadway,"$1,625,000","3 bds 3 ba 2,161 sqft"
6538+E+Rosebay+St,"$899,000","4 bds 3 ba 2,530 sqft"
1511+N+Greenbrier+Rd,"$1,175,000","4 bds 3 ba 2,480 sqft"
5431+E+Conant+St,"$898,000","5 bds 4 ba 3,044 sqft"
1841+Lave+Ave,"$1,088,000","4 bds 3 ba 3,295 sqft"
4765+Lemon+Ave,"$595,000","3 bds 2 ba 1,491 sqft"
1310+W+Spring+St,"$475,000","2 bds 2 ba 1,324 sqft"
1901+E+Ocean+Blvd+UNIT+302,"$799,000","2 bds 3 ba 1,528 sqft"
80+Park+Ave,"$1,079,000","3 bds 2 ba 1,334 sqft"
2255+San+Vicente+Ave,"$690,000",2 bds 1 ba 957 sqft
460+Medford+Ct+UNIT+101,"$769,000","2 bds 3 ba 2,120 sqft"
2225+E+2nd+St+APT+2,"$295,000",1 bd1 ba 524 sqft
2674+Delta+Ave,"$409,946","3 bds 1 ba 1,392 sqft"
2195+Santa+Fe+Ave,"$629,000","4 bds 3 ba 1,559 sqft"
5277+E+Ocean+Blvd,"$2,790,000","4 bds 3 ba 3,000 sqft"
300+Moonstone,"$1,997,500","4 bds 3 ba 2,531 sqft"
332+W+8th+St,"$659,000","4 bds 2 ba 1,712 sqft"
437+Obispo+Ave,"$849,000","2 bds 1 ba 1,484 sqft"
311+Flint+Ave,"$1,188,000","3 bds 3 ba 2,588 sqft"
6726+Harbor+Ave,"$454,900",3 bds 1 ba 884 sqft
122+Elm+Ave+APT+1,"$429,900",2 bds 2 ba 850 sqft
4201+E+Ransom+St,"$660,000","3 bds 3 ba 4,560 sqft"
723+Elm+Ave+APT+J,"$270,000",2 bds 1 ba 796 sqft
2032+E+Bermuda+St+UNIT+105,"$505,900","2 bds 2 ba 1,333 sqft"
3401+E+Wilton+St+UNIT+307,"$415,000",2 bds 2 ba 841 sqft
955+E+3rd+St+UNIT+310,"$449,000","2 bds 2 ba 1,045 sqft"
1371+Grand+Ave,"$600,000","3 bds 2 ba 1,424 sqft"
150+The+Promenade+N+UNIT+417,"$420,000",1 bd1 ba 750 sqft
2295+Olive+Ave,"$440,000",2 bds 1 ba 660 sqft
3529+E+Broadway+#+8,"$475,000",2 bds 2 ba 880 sqft
3358+Elm+Ave+UNIT+22,"$229,477",2 bds 2 ba 977 sqft
6815+E+Pageantry+St,"$819,000","3 bds 2 ba 1,328 sqft"
3810+E+1st+St,"$925,000","3 bds 1 ba 1,308 sqft"
4619+Sunfield+Ave,"$985,000","5 bds 4 ba 2,242 sqft"
311+E+Eleanor+Ln,"$519,900","3 bds 2 ba 1,085 sqft"
6432+E+Wardlow+Rd,"$680,000","3 bds 1 ba 1,243 sqft"
3438+Woodruff+Ave,"$629,900","3 bds 2 ba 1,386 sqft"
710+E+Sunrise+Blvd,"$999,000","3 bds 4 ba 3,177 sqft"
1485+Obispo+Ave+APT+6,"$300,000",2 bds 1 ba 850 sqft
3450+N+El+Dorado+Dr,"$845,000","3 bds 2 ba 1,710 sqft"
2237+N+Bellflower+Blvd,"$699,000","3 bds 1 ba 1,100 sqft"
5845+Rose+Ave,"$515,000","3 bds 1 ba 1,024 sqft"
800+Pacific+Ave+APT+205,"$249,900",1 bd1 ba 672 sqft
1770+Ximeno+Ave+APT+306,"$380,000","2 bds 2 ba 1,076 sqft"
1091+Lewis+Ave,"$748,000","4 bds 2 ba 1,400 sqft"
2999+E+Ocean+Blvd+UNIT+1830,"$1,018,888","3 bds 2 ba 1,510 sqft"
3565+N+Weston+Pl,"$689,000","3 bds 2 ba 1,340 sqft"
367+Coronado+Ave,"$1,249,000","4 bds 3 ba 2,654 sqft"
176+Granada+Ave,"$1,150,000","3 bds 2 ba 1,669 sqft"
2020+W+23rd+St+APT+10,"$335,000",3 bds 2 ba 950 sqft
3441+Adriatic+Ave,"$469,000","3 bds 2 ba 1,222 sqft"
1121+E+Hellman+St,"$539,990","3 bds 2 ba 1,142 sqft"
3720+E+Wilton+St,"$839,000","5 bds 4 ba 2,100 sqft"
3845+Cedar+Ave,"$1,197,000","4 bds 4 ba 3,126 sqft"
328+Eliot+Ln,"$829,900","3 bds 1 ba 1,013 sqft"
5890+Gardenia+Ave,"$684,000","3 bds 2 ba 1,600 sqft"
2261+Euclid+Ave,"$799,900","4 bds 2 ba 1,536 sqft"
564+N+Bellflower+Blvd+UNIT+215,"$495,000","2 bds 2 ba 1,028 sqft"
1405+E+1st+St+APT+11,"$315,000",1 bd1 ba 605 sqft
3090+Elm+Ave,"$929,900","5 bds 6 ba 3,229 sqft"
249+Tivoli+Dr,"$1,347,000","4 bds 3 ba 2,843 sqft"
3901+E+Livingston+Dr+UNIT+201,"$509,000","2 bds 2 ba 1,145 sqft"
835+Locust+Ave+UNIT+414,"$564,900",1 bd1 ba 997 sqft
1350000,"$1,350,000","4 bds 5 ba 3,232 sqft"
2425+E+1st+St,"$1,500,000","5 bds 5 ba 3,835 sqft"
4937+E+Colorado+St,"$1,349,000","6 bds 4 ba 3,595 sqft"
3925+E+5th+St+#+1A,$--,"3 bds 3 ba 1,822 sqft"
1365+Termino+Ave,"$749,000","3 bds 2 ba 1,491 sqft"
4619+E+4th+St+#+2,"$605,000","2 bds 2 ba 1,401 sqft"
233+E+Louise+St,"$399,000",2 bds 2 ba 672 sqft
360+W+Ocean+Blvd+APT+209,"$299,000",Studio1 ba 490 sqft
3605+E+Anaheim+St+UNIT+317,"$410,000",2 bds 2 ba 925 sqft
325+Elm+Ave+APT+106,"$245,000",Studio1 ba 473 sqft
144+N+Loreta+Walk,"$940,000","2 bds 1 ba 1,027 sqft"
5341+E+El+Parque+St,"$2,000,000","4 bds 4 ba 3,929 sqft"
382+Coronado+Ave+APT+306A,"$440,000","2 bds 2 ba 1,030 sqft"
837+Chestnut+Ave+APT+12,"$249,000",1 bd1 ba 611 sqft
3918+Elm+Ave,"$1,225,000","4 bds 4 ba 3,463 sqft"
22+Prospect+Ave,"$1,239,000","3 bds 2 ba 1,770 sqft"
2288+Albury+Ave,"$949,900","5 bds 3 ba 3,030 sqft"
3024+E+Broadway,"$725,000",2 bds 2 ba 888 sqft
4319+N+Country+Club+Ln,"$2,390,000","5 bds 5 ba 4,522 sqft"
461+E+63rd+St,"$487,196","3 bds 1 ba 1,115 sqft"
2271+Roswell+Ave,"$775,000","4 bds 3 ba 1,990 sqft"
6025+Loynes+Dr+#+5,"$710,000","3 bds 3 ba 1,857 sqft"
1870+Daisy+Ave,"$675,000","2 bds 2 ba 1,295 sqft"
5959+E+Naples+Plz+UNIT+209,"$675,000","3 bds 2 ba 1,006 sqft"
2735+Hackett+Ave,"$714,000","3 bds 2 ba 1,173 sqft"
224+Roycroft+Ave,"$1,249,900","3 bds 2 ba 1,937 sqft"
3595+Santa+Fe+Ave+SPC+199,"$514,500","4 bds 2 ba 1,760 sqft"
5415+E+Scrivener+St,"$849,999","4 bds 3 ba 1,886 sqft"
3050+Oregon+Ave,$--,"4 bds 2 ba 1,306 sqft"
321+E+Bort+St,"$530,000","3 bds 2 ba 1,479 sqft"
177+E+67th+St,"$574,900","2 bds 2 ba 1,034 sqft"
488+E+Ocean+Blvd+UNIT+1015,"$435,000",1 bd1 ba 720 sqft
1831+E+Appleton+St+APT+11,"$289,000",1 bd1 ba 623 sqft
2420+Gondar+Ave,"$760,000","3 bds 2 ba 1,300 sqft"
2248+Radnor+Ave,"$1,150,000","3 bds 3 ba 2,164 sqft"
400+W+Ocean+Blvd+UNIT+803,"$660,000","2 bds 2 ba 1,440 sqft"
5500+Ackerfield+Ave+UNIT+405,"$275,000",2 bds 1 ba 873 sqft
20+Palermo+Walk,"$1,949,000","3 bds 3 ba 2,450 sqft"
140+Syracuse+Walk,"$1,174,000","3 bds 2 ba 1,463 sqft"
2621+Vuelta+Grande+Ave,"$745,000","3 bds 2 ba 1,555 sqft"
2343+E+17th+St+UNIT+311,"$329,000",2 bds 2 ba 822 sqft
4485+Myrtle+Ave,"$1,400,000","6 bds 4 ba 2,944 sqft"
5585+E+Pacific+Coast+Hwy+UNIT+154,"$363,000",2 bds 2 ba 913 sqft
4242+Locust+Ave,"$1,349,000","3 bds 3 ba 2,964 sqft"
411+W+Seaside+Way+UNIT+505,"$590,000","2 bds 2 ba 1,040 sqft"
6255+Riviera+Cir,"$829,900","3 bds 3 ba 2,206 sqft"
11+W+Barclay+St,"$625,000","3 bds 3 ba 1,903 sqft"
620+Flint+Ave,"$1,250,000","3 bds 3 ba 2,596 sqft"
454+E+Adair+St,"$454,900","3 bds 2 ba 1,349 sqft"
5775+E+Corso+Di+Napoli,"$3,995,000","3 bds 3 ba 2,339 sqft"
1+E+Neapolitan+Ln,"$2,250,000","4 bds 5 ba 3,000 sqft"
4208+Tulane+Ave,"$1,423,500","5 bds 4 ba 3,850 sqft"
3565+Linden+Ave+UNIT+208,"$295,000",1 bd1 ba 706 sqft
388+E+Ocean+Blvd+706+#+706,"$345,000",1 bd1 ba 680 sqft
6255+E+Sea+Breeze+Dr+#+28,"$229,000","3 bds 2 ba 1,488 sqft"
5421+Heron+Bay,"$899,900","3 bds 3 ba 1,769 sqft"
4598+Vacant+Land,"$98,500","1,184 sqft lot"
1109+E+1st+St+APT+9,"$239,000",Studio1 ba 403 sqft
3540+Orange+Ave,"$1,250,000","5 bds 4 ba 2,710 sqft"
247+E+Randolph+Pl,"$925,500","3 bds 2 ba 1,410 sqft"
5058+E+Atherton+St,"$530,000","2 bds 2 ba 1,168 sqft"
550+Orange+Ave+UNIT+139,"$329,000",1 bd1 ba 697 sqft
207+E+Broadway+APT+801,"$2,490,000","2 bds 2 ba 2,810 sqft"
955+E+3rd+St+UNIT+303,"$459,000","2 bds 2 ba 1,085 sqft"
5557+E+Sorrento+Dr,"$3,698,000","6 bds 5 ba 3,619 sqft"
110+Cordova+Walk,"$1,499,000","4 bds 4 ba 2,505 sqft"
5681+E+Vernon+St,$--,"3 bds 2 ba 1,574 sqft"
3420+Armourdale+Ave,"$920,000","5 bds 3 ba 2,230 sqft"
1111+E+Appleton+St+APT+3,"$299,900",1 bd1 ba 701 sqft
26+Loma+Ave,"$510,000","2 bds 2 ba 1,191 sqft"
370+Wisconsin+Ave+UNIT+306,"$425,000","2 bds 2 ba 1,027 sqft"
6264+E+Marina+View+Dr+#+313,"$185,000",2 bds 2 ba 960 sqft
325+Cedar+Ave+UNIT+9,"$297,000",1 bd1 ba 818 sqft
831+Pine+Ave,"$634,900","1 bd1 ba 1,606 sqft"
6218+E+Sea+Breeze+Dr,"$232,500","3 bds 2 ba 1,224 sqft"
2420+Granada+Ave,"$739,000","3 bds 2 ba 1,730 sqft"
4701+Walnut+Ave,"$639,900","3 bds 2 ba 1,634 sqft"
1534+Grand+Ave,"$1,250,000","5 bds 5 ba 3,537 sqft"
3595+Santa+Fe+Ave+SPC+142,"$480,000","3 bds 2 ba 1,600 sqft"
3695+Linden+Ave+UNIT+7C,"$370,000",1 bd1 ba 940 sqft
360+W+Ocean+Blvd+APT+1103,"$320,000",1 bd1 ba 472 sqft
3653+Denver+Ave,"$484,900","4 bds 2 ba 1,181 sqft"
227+Ximeno+Ave,"$1,199,000","2 bds 2 ba 1,814 sqft"
66+Sicilian+Walk,"$2,200,000","3 bds 3 ba 3,646 sqft"
3751+Cedar+Ave,"$1,135,000","3 bds 3 ba 2,643 sqft"
1164+E+Ocean+Blvd,"$535,992",1 bd1 ba 902 sqft
3346+Gale+Ave,"Est. $308,619",2 bds 1.5 ba 791 sqft
5828+Lime+Ave,"$549,999","3 bds 2 ba 1,292 sqft"
6296+E+Marina+View+Dr+#+329,"$219,500","2 bds 2 ba 1,344 sqft"
8316+Marina+Pacifica+Dr+N,"$829,000","3 bds 2 ba 1,777 sqft"
17+61st+Pl,"$1,850,000","4 bds 4 ba 2,699 sqft"
5585+E+Pacific+Coast+Hwy+UNIT+311,"$365,000",2 bds 2 ba 913 sqft
5401+E+Anaheim+Rd,"$10,150,000","2 bds 2 ba 21,724 sqft"
746+N+Virginia+Ct,"$320,000",1 bd1 ba 640 sqft
6436+E+Fairbrook+St,$--,"5 bds 2 ba 1,747 sqft"
5364+Cedar+Ave,"$460,000","3 bds 2 ba 1,158 sqft"
1934+And+1936+Locust+Ave,"$426,852","3 bds 2 ba 1,408 sqft"
62+62nd+Pl,"$1,599,000","3 bds 4 ba 2,196 sqft"
110+Belmont+Ave,"$1,069,000","3 bds 2 ba 2,048 sqft"
775+Havana+Ave,"$1,200,000","3 bds 2 ba 1,883 sqft"
121+Belmont+Ave,"$1,795,000","4 bds 3 ba 2,808 sqft"
5729+Avenida+Estoril+Cir,"$1,060,000","3 bds 3 ba 2,487 sqft"
6086+Lido+Ln,"$4,595,000","4 bds 4 ba 3,970 sqft"
1430+E+17th+St,"$929,900","9 bds 6 ba 3,561 sqft"
44+Rivo+Alto+Canal,"$2,249,000","4 bds 3 ba 2,271 sqft"
1+62nd+Pl+UNIT+303,"$684,000","2 bds 2 ba 1,207 sqft"
387+Manila+Ave,"$1,099,000","3 bds 3 ba 1,692 sqft"
388+E+Ocean+Blvd+UNIT+1211,"$388,000",1 bd1 ba 680 sqft
3833+E+2nd+St+UNIT+105,"$469,999","1 bd2 ba 1,008 sqft"
100+Atlantic+Ave+APT+601,"$405,900",2 bds 1 ba 820 sqft
1000+E+Ocean+Blvd+UNIT+715,"$998,800","3 bds 2 ba 1,952 sqft"
215+Granada+Ave,"$959,000","2 bds 2 ba 1,145 sqft"
6507+E+Seaside+Walk,"$3,495,000","3 bds 4 ba 3,356 sqft"
215+Rivo+Alto+Canal,"$3,975,000","4 bds 6 ba 4,800 sqft"
5356+Olive+Ave,"$490,051","3 bds 2 ba 1,074 sqft"
2981+Eucalyptus+Ave,$--,"4 bds 3 ba 2,478 sqft"
7105+Marina+Pacifica+Dr+S,"$474,900",1 bd1 ba 926 sqft
3811+E+Livingston+Dr+APT+102,"$749,900","3 bds 3 ba 1,327 sqft"
835+Locust+Ave+UNIT+612,"$689,000","2 bds 1 ba 1,702 sqft"
335+Cedar+Ave+UNIT+409,"$375,000",2 bds 2 ba 869 sqft
4167+N+Greenbrier+Rd,"$1,099,900","4 bds 3 ba 2,331 sqft"
685+Mira+Mar+Ave,"$1,095,000","6 bds 4 ba 2,624 sqft"
6150+E+Bay+Shore+Walk+APT+301,"$749,000",2 bds 2 ba 961 sqft
5535+Ackerfield+Ave+UNIT+26,"$369,000","3 bds 2 ba 1,069 sqft"
3835+Elm+Ave,"Est. $2,259,208","6 bds 6 ba 6,200 sqft"
6620+E+Ocean+Blvd,"$1,799,000","5 bds 3 ba 3,400 sqft"
208+Nieto+Ave,"$1,049,900","2 bds 2 ba 1,140 sqft"
2601+E+Ocean+Blvd+UNIT+110,"$469,000",1 bd1 ba 672 sqft
2234+E+Spaulding+St,"$800,000","6 bds 3 ba 1,825 sqft"
3595+Santa+Fe+Ave+#12,"$359,000","2 bds 2 ba 1,900 sqft"
1071+E+Chanda+Ct,"Est. $478,870","3 bds 2.5 ba 1,082 sqft"
1090+Martin+Luther+King+Jr+Ave,"$668,000","3 bds 3 ba 1,584 sqft"
3537+Falcon+Ave,"$687,038","4 bds 2 ba 1,636 sqft"
4833+Blackthorne+Ave,"$646,638","3 bds 2 ba 1,091 sqft"
488+E+Ocean+Blvd+UNIT+418,"$538,000",2 bds 2 ba 960 sqft
6475+Atlantic+Ave+SPC+274,"$80,000",3 bds 1 ba -- sqft
6263+E+Golden+Sands+Dr,"$187,000","2 bds 2 ba 1,344 sqft"
2100+Earl+Ave,"$1,300,000","9 bds 8 ba 3,620 sqft"
1901+E+Ocean+Blvd+UNIT+206,"$685,000","2 bds 3 ba 1,544 sqft"
700+E+Ocean+Blvd+UNIT+2602,"$645,995","2 bds 2 ba 1,080 sqft"
3595+Santa+Fe+Ave+SPC+85,"$509,000","4 bds 2 ba 1,600 sqft"
3738+Albury+Ave,"$595,797",2 bds 1 ba 808 sqft
1400+E+Ocean+Blvd+UNIT+1305,"$1,345,000","3 bds 2 ba 1,259 sqft"
1701+E+1st+St,"$1,380,000","6 bds 4 ba 2,744 sqft"
6932+E+El+Roble+St,"Est. $710,926","3 bds 2 ba 1,039 sqft"
3913+N+Virginia+Rd+UNIT+107,"$498,000","2 bds 2 ba 1,070 sqft"
323+W+4th+St+APT+406,"$219,500",Studio1 ba 370 sqft
1140+E+Ocean+Blvd+UNIT+233,"$489,000",1 bd1 ba 732 sqft
6237+Beachcomber+Dr+#+109,"$225,000","2 bds 2 ba 1,200 sqft"
138+Rivo+Alto+Canal,"$1,995,000","2 bds 2 ba 1,738 sqft"
1480+Martin+Luther+King+Jr+Ave,"$469,990",2 bds 1 ba 960 sqft
7101+Eastondale+Ave,"$585,000","5 bds 3 ba 1,875 sqft"
21+7th+Pl+APT+408,"$725,000","2 bds 2 ba 1,355 sqft"
4553+N+Deal+Dr,"Est. $520,807","3 bds 1 ba 1,133 sqft"
4113+E+10th+St+APT+3,"Est. $349,546",2 bds 2 ba 740 sqft
2828+Ladoga+Ave,$--,"2 bds 1 ba 1,150 sqft"
2322+Roswell+Ave,"$819,999","3 bds 3 ba 2,057 sqft"
835+Locust+Ave+UNIT+410,"$554,000",1 bd1 ba 989 sqft
6216+E+Emerald+Cove+Dr+#+47,"$189,000","2 bds 2 ba 1,120 sqft"
436+N+Bellflower+Blvd+UNIT+204,"$375,000",1 bd1 ba 693 sqft
2910+De+Forest+Ave,"$649,999","3 bds 2 ba 1,473 sqft"
1052+E+Andrews+Dr,"Est. $1,061,771","3 bds 3 ba 3,341 sqft"
800+E+Ocean+Blvd+UNIT+709,"$460,000",1 bd1 ba 872 sqft
6300+Riviera+Cir,"$725,000","3 bds 2 ba 1,715 sqft"
9+Rivo+Alto+Canal,"$2,549,000","3 bds 3 ba 2,184 sqft"
535+E+14th+St,"$850,000","4 bds 2 ba 2,291 sqft"
6109+Lime+Ave,"$575,000","2 bds 2 ba 1,504 sqft"
5640+Azure+Way,"$1,399,000","3 bds 3 ba 1,600 sqft"
3595+Santa+Fe+Ave+#+100,"$484,000","4 bds 2 ba 1,687 sqft"
2400+E+5th+St,"$1,300,000","5 bds 4 ba 3,112 sqft"
2717+Radnor+Ave,"Est. $669,350","3 bds 2 ba 1,276 sqft"
6475+Atlantic+Ave+SPC+344,"$80,000",4 bds 1 ba -- sqft
395+E+4th+St+UNIT+6,"$479,000","1 bd1 ba 1,020 sqft"
1310+E+Ocean+Blvd+UNIT+705,"$685,000",1 bd1 ba 990 sqft
5585+E+Pacific+Coast+Hwy+UNIT+218,"$285,000",1 bd1 ba 597 sqft
488+E+Ocean+Blvd+UNIT+610,"$610,000",2 bds 2 ba 990 sqft
3939+E+Allin+St+UNIT+205,"$425,900",1 bd1 ba 740 sqft
3939+Walnut+Ave,"$829,451","2 bds 3 ba 1,912 sqft"
2211+Conquista+Ave,$--,"3 bds 1 ba 1,055 sqft"
6257+E+Emerald+Cove+Dr,"$129,900","2 bds 2 ba 1,200 sqft"
3295+Adriatic+Ave,"$825,000","7 bds 5 ba 3,171 sqft"
835+Locust+Ave+UNIT+111,"$480,000",1 bd1 ba 791 sqft
6665+Long+Beach+Blvd+SPC+B19,"$60,000",2 bds 1 ba 672 sqft
6475+Atlantic+Ave+SPC+715,"$69,000",2 bds 1 ba 800 sqft
42+62nd+Pl,"$1,250,000","4 bds 3 ba 2,980 sqft"
646+Coronado+Ave+APT+B,"$597,600","3 bds 2 ba 1,200 sqft"
300+Manila+Ave,"$1,209,000","3 bds 4 ba 2,948 sqft"
2331+Snowden+Ave,"$599,000","2 bds 2 ba 1,260 sqft"
1487+Henderson+Ave,"$1,025,000","10 bds 4 ba 3,520 sqft"
380+Wisconsin+Ave,"$875,000","3 bds 2 ba 1,739 sqft"
455+E+Ocean+Blvd+APT+605,"$310,000",1 bd1 ba 421 sqft
18+E+56th+St,"$1,075,000","13 bds 5 ba 2,342 sqft"
3707+Country+Club+Dr+UNIT+3,"$428,000",2 bds 2 ba 956 sqft
5272+Pine+Ave,"$385,000",1 bd1 ba 607 sqft
1750+E+Ocean+Blvd+UNIT+1605,"$920,000","2 bds 2 ba 1,116 sqft"
850+E+Ocean+Blvd+UNIT+1501,"$660,000","1 bd1 ba 1,013 sqft"
6523+E+Monlaco+Rd,$--,"4 bds 3 ba 2,056 sqft"
1521+Locust+Ave+APT+14,"$359,000","2 bds 2 ba 1,075 sqft"
512+Almond+Ave,"$799,000","4 bds 2 ba 1,490 sqft"
8018+Dorado+Cir,"$929,990","4 bds 4 ba 2,465 sqft"
5571+E+Monlaco+Rd,"Est. $629,002","2 bds 1 ba 1,204 sqft"
1993+Lemon+Ave,"Est. $388,223",2 bds 1 ba 660 sqft
2481+Terraine+Ave,"$1,100,000","5 bds 5 ba 3,058 sqft"
40+Belmont+Ave,"$1,850,000","1 bd2 ba 2,378 sqft"
4920+Brook+Ave,"$50,000",2 bds 1 ba 400 sqft
1+3rd+Pl+UNIT+805,"$799,000","2 bds 2 ba 1,251 sqft"
1140+E+Ocean+Blvd+UNIT+334,"$519,000",1 bd1 ba 732 sqft
3451+E+Janice+St,"Est. $589,340","4 bds 2 ba 1,200 sqft"
2125+Pine+Ave,"$546,999","3 bds 1 ba 1,339 sqft"
388+E+Ocean+Blvd+UNIT+410,"$599,000",2 bds 2 ba 990 sqft
1802+Elmfield+Ave,"Est. $1,019,642","6 bds 3 ba 2,703 sqft"
326+Hermosa+Ave+APT+2,"$339,000",1 bd1 ba 680 sqft
335+E+Marker+Ln,"$560,000","4 bds 3 ba 1,931 sqft"
488+E+Ocean+Blvd+UNIT+P1,"$1,075,000","3 bds 4 ba 2,285 sqft"
6550+E+Espanita+St,"Est. $890,111","3 bds 2 ba 2,309 sqft"
335+Cedar+Ave+UNIT+307,"$265,000",1 bd1 ba 515 sqft
2256+San+Anseline+Ave,"$1,815,000","8 bds 6 ba 4,404 sqft"
1043+E+Terrace+Dr,"Est. $632,603","5 bds 2 ba 1,705 sqft"
784+Stanley+Ave,"$1,250,000","6 bds 6 ba 3,156 sqft"
4821+E+Ocean+Blvd+#+AB,"Est. $1,291,304","4 bds 3 ba 2,524 sqft"
3060+Linden+Ave,"$1,150,000","3 bds 3 ba 2,584 sqft"
658+Coronado+Ave,"$1,000,000","4 bds 3 ba 2,063 sqft"
2340+Gale+Ave,"Est. $626,946","6 bds 3 ba 3,200 sqft"
380+Panama+Ave,"Est. $1,994,945","5 bds 5 ba 5,050 sqft"
2507+E+15th+St+UNIT+313,"$349,900",2 bds 2 ba 842 sqft
3693+Palo+Verde+Ave,"$732,680","3 bds 3 ba 1,813 sqft"
1901+E+Ocean+Blvd+UNIT+205,"$749,000","2 bds 3 ba 1,883 sqft"
3939+E+Allin+St+UNIT+108,"$429,000",1 bd1 ba 685 sqft
1+62nd+Pl+UNIT+302,"$995,000","2 bds 2 ba 1,221 sqft"
3751+Olive+Ave,"Est. $656,783",2 bds 1 ba 981 sqft
7101+Marina+Pacifica+Dr+S,"$535,000",1 bd1 ba 828 sqft
908+Walnut+Ave,"$725,000","3 bds 1 ba 1,012 sqft"
100+Esperanza+Ave+#+4,"Est. $393,134",2 bds 1 ba 946 sqft
25+15th+Pl+UNIT+703,"$780,000","3 bds 2 ba 1,310 sqft"
6245+E+Emerald+Cove+Dr,"$179,000","2 bds 2 ba 1,440 sqft"
3595+Santa+Fe+Ave+#+101,"$524,500","3 bds 2 ba 1,600 sqft"
343+Orizaba+Ave+UNIT+C,"Est. $425,665",2 bds 2 ba 901 sqft
342+Salta+Verde+Point,"$2,075,888","3 bds 3 ba 2,560 sqft"
784+Redondo+Ave,$--,"4 bds 3 ba 3,808 sqft"
1415+E+Ocean+Blvd+APT+202,"$799,000","2 bds 2 ba 1,648 sqft"
1816+Montair+Ave,"Est. $777,413","3 bds 2 ba 1,641 sqft"
1415+E+4th+St+APT+14,"$379,500",1 bd1 ba 731 sqft
2838+Albury+Ave,"Est. $662,987","3 bds 2 ba 1,300 sqft"
3115+Shipway+Ave,"Est. $927,376","4 bds 2 ba 1,383 sqft"
1444+E+Appleton+St,"Est. $698,780","2 bds 1 ba 1,104 sqft"
6226+E+Sea+Breeze+Dr+#+80,"$63,000",2 bds 1 ba 640 sqft
6112+Corsica+Cir,"$2,500,000","3 bds 3 ba 2,778 sqft"
3691+Cortner+Ave,"Est. $611,893","3 bds 2 ba 1,608 sqft"
6207+E+Emerald+Cove+Dr+#+54,"$248,900","2 bds 2 ba 1,447 sqft"
419+E+Smith+St,$--,"3 bds 1 ba 1,020 sqft"
3638+E+Ocean+Blvd,"$2,650,000","7 bds 5 ba 4,050 sqft"
388+E+Ocean+Blvd+UNIT+402,"$435,900",1 bd1 ba 600 sqft
6260+Beachcomber+Dr+#+289,"$194,000","3 bds 2 ba 1,080 sqft"
300+E+4th+St+UNIT+407,"Est. $556,296","2 bds 3 ba 1,340 sqft"
3910+Elm+Ave,"$725,000","10,497 sqft lot"
411+W+Seaside+Way+UNIT+903,"$898,000","2 bds 2 ba 1,410 sqft"
5530+E+Parkcrest+St,"Est. $573,504",2 bds 1 ba 936 sqft
25+15th+Pl+UNIT+705,"$699,990",2 bds 2 ba 990 sqft
400+W+Ocean+Blvd+#+1404,"$775,000","2 bds 2 ba 1,660 sqft"
437+Newport+Ave,"$1,649,999","9 bds 7 ba 4,605 sqft"
1174+E+Ocean+Blvd+UNIT+18,"$849,500","2 bds 1 ba 1,018 sqft"
525+E+Seaside+Way+UNIT+405,"$610,000","2 bds 2 ba 1,218 sqft"
725+Coronado+Ave+UNIT+109,"Est. $376,811",2 bds 2 ba 838 sqft
525+E+Seaside+Way+UNIT+1109,"$768,000","2 bds 2 ba 1,313 sqft"
2412+Gale+Ave,"Est. $395,599",3 bds 1 ba 781 sqft
52+E+Market+St,"$345,000",1 bd1 ba 576 sqft
6226+E+Golden+Sands+Dr+#+199,"$259,900","2 bds 2 ba 1,456 sqft"
22+W+Mountain+View+St,"$929,900","7 bds 4 ba 2,600 sqft"
388+E+Ocean+Blvd+UNIT+P10,"$1,150,000","2 bds 3 ba 1,930 sqft"
3921+Lees+Ave,"Est. $672,846","3 bds 2 ba 1,269 sqft"
1431+E+Hellman+St,"$999,999","7 bds 5 ba 3,411 sqft"
1750+E+Ocean+Blvd+UNIT+407,"Est. $636,739",1 bd1 ba 853 sqft
1450+Peterson+Ave,"Est. $629,613","4 bds 2 ba 1,475 sqft"
700+E+Ocean+Blvd+UNIT+2205,"$824,900","2 bds 2 ba 1,080 sqft"
2729+Iroquois+Ave,"Est. $620,138","3 bds 1 ba 1,343 sqft"
3623+E+11th+St,"Est. $503,145",2 bds 1 ba 852 sqft
700+E+Ocean+Blvd+UNIT+2308,"$849,000","3 bds 2 ba 1,260 sqft"
2114+Nipomo+Ave,"Est. $806,017","4 bds 3 ba 2,253 sqft"
1000+E+Ocean+Blvd+UNIT+305,"$1,250,000","3 bds 2 ba 1,409 sqft"
5723+E+Mezzanine+Way,"Est. $647,227","3 bds 1 ba 1,031 sqft"
178+W+67th+Way,"$505,000",3 bds 1 ba 966 sqft
3438+Adriatic+Ave,"$429,995",2 bds 1 ba 819 sqft
1717+E+Artesia+Blvd,"$469,000","1 bd1 ba 1,258 sqft"
388+E+Ocean+Blvd+UNIT+1601,"Est. $587,350",2 bds 2 ba 960 sqft
1358+Gundry+Ave,"Est. $520,948","5 bds 2 ba 1,206 sqft"
10+N+Alboni+Pl+#+8,"Est. $437,801","2 bds 1 ba 1,209 sqft"
5431+E+29th+St,"Est. $653,488","3 bds 2 ba 1,253 sqft"
455+E+Ocean+Blvd+APT+401,"$489,000",1 bd1 ba 981 sqft
Ave,"$625,000","4 bds 2 ba 1,848 sqft"
1117+N+Nylic+Ct,"$767,238","4 bds 4 ba 2,406 sqft"
1171+E+Claiborne+Dr,"Est. $931,286","3 bds 2 ba 1,755 sqft"
3452+Elm+Ave+UNIT+203,"Est. $261,718",1 bd1 ba 717 sqft
1009+Gardenia+Ave,"$795,000","4 bds 4 ba 2,460 sqft"
1404+E+1st+St+APT+8,"Est. $304,866",1 bd1 ba 657 sqft
2049+Orange+Ave,"$899,900","3 bds 2 ba 3,424 sqft"
3141+Chatwin+Ave,"Est. $677,603","3 bds 2 ba 1,384 sqft"
6348+E+Marita+St,"Est. $780,032","3 bds 2 ba 1,676 sqft"
388+E+Ocean+Blvd+UNIT+102,"$600,000",2 bds 2 ba 990 sqft
2154+Pacific+Ave,"$750,888","3 bds 3 ba 2,600 sqft"
1505+Hile+Ave,"Est. $416,589",1 bd1 ba 616 sqft
2027+E+Appleton+St+UNIT+11,"Est. $435,869",2 bds 1 ba 984 sqft
3101+E+2nd+St+UNIT+1A,"Est. $532,767",2 bds 1 ba 980 sqft
835+Locust+Ave+UNIT+323,"Est. $625,506","1 bd1 ba 1,697 sqft"
133+The+Promenade+N+UNIT+404,"$575,000","1 bd2 ba 1,077 sqft"
6273+E+Emerald+Cove+Dr+#+282,"$234,000","3 bds 2 ba 1,360 sqft"
433+Pine+Ave+UNIT+301,"$539,000","Studio1 ba 1,280 sqft"
63+65th+Pl,"$2,399,000","5 bds 6 ba 4,000 sqft"
8170+E+Topia+St,"Est. $640,346","3 bds 2 ba 1,462 sqft"
388+E+Ocean+Blvd+UNIT+301,"$529,000",2 bds 2 ba 960 sqft
850+E+Ocean+Blvd+UNIT+503,"$899,000","2 bds 2 ba 1,377 sqft"
448+N+Bellflower+Blvd+UNIT+103,"$359,000",1 bd1 ba 693 sqft
847+Junipero+Ave,"Est. $682,839","4 bds 1 ba 1,743 sqft"
433+Pine+Ave+UNIT+204,"$478,400","Studio1 ba 1,082 sqft"
637+E+4th+St+UNIT+A,"$639,000","1 bd2 ba 1,421 sqft"
273+E+Del+Amo+Blvd,"$510,000",2 bds 1 ba 700 sqft
6247+E+Golden+Sands+Dr+#184,"$209,900",2 bds 2 ba 900 sqft
8024+Dorado+Cir,"$939,990","4 bds 3 ba 2,527 sqft"
4424+Gaviota+Ave,"Est. $637,372","3 bds 2 ba 1,885 sqft"
1067+Stanley+Ave,"Est. $559,775","3 bds 2 ba 1,298 sqft"
5836+E+Marita+St,"Est. $756,853","3 bds 1 ba 1,600 sqft"
5585+E+Pacific+Coast+Hwy+UNIT+314,"$310,000",1 bd1 ba 597 sqft
3520+Kemble+Ave,"Est. $643,036","3 bds 2 ba 1,120 sqft"
6120+Marina+Pacifica+Dr+S,"$439,500",Studio1 ba 787 sqft
525+E+Seaside+Way+UNIT+402,"Est. $391,456",1 bd1 ba 622 sqft
3121+Long+Beach+Blvd,"$294,000","7,688 sqft lot"
3595+Santa+Fe+Ave+#+51,"$514,500","3 bds 2 ba 1,600 sqft"
1521+Locust+Ave+APT+3,"Est. $360,753","2 bds 2 ba 1,064 sqft"
6065+Gundry+Ave,"Est. $445,530",2 bds 1 ba 915 sqft
6259+California+Ave,"Est. $531,779","4 bds 2 ba 1,464 sqft"
1750+E+Ocean+Blvd+UNIT+404,"$529,900",1 bd1 ba 632 sqft
1720+E+1st+St+APT+1,"$4,450,000","4 bds 3 ba 8,926 sqft"
488+E+Ocean+Blvd+UNIT+1701,"$649,000",2 bds 2 ba 960 sqft
224+Rivo+Alto+Canal,"$4,000,000","5,619 sqft lot"
2121+Shipway+Ave,"Est. $811,178","4 bds 2 ba 2,209 sqft"
850+E+Ocean+Blvd+APT+607,"$999,900","3 bds 3 ba 1,788 sqft"
5444+Olive+Ave,"Est. $467,228","3 bds 2 ba 1,110 sqft"
228+E+68th+St,"Est. $400,120","2 bds 1 ba 1,144 sqft"
1935+Golden+Ave,"Est. $525,207","2 bds 2 ba 1,156 sqft"
3622+Pacific+Ave,"Est. $1,010,947","6 bds 5 ba 3,243 sqft"
1360+Orange+Ave,"Est. $496,247",Studio-- ba 924 sqft
4199+E+Ransom+St,"$1,349,000","3 bds 3 ba 4,560 sqft"
429+Magnolia+Ave,"$1,490,000","5 bds 3 ba 4,032 sqft"
8019+Dorado+Cir,"$935,990","4 bds 3 ba 2,527 sqft"
8034+Dorado+Cir,"$897,990+","4 bds 4 ba 2,465 sqft"
5865+E+Mezzanine+Way,"Est. $755,688","4 bds 2 ba 1,883 sqft"
1960+W+Burnett+St,"Est. $499,031","3 bds 2 ba 1,188 sqft"
535+W+4th+St+APT+212,"Est. $260,336",1 bd1 ba 552 sqft
935+Elm+Ave,"$989,000","4 bds 4 ba 3,344 sqft"
6550+E+Brittain+St,"Est. $749,017","4 bds 2 ba 1,903 sqft"
6841+E+Septimo+St,"Est. $854,077","3 bds 2 ba 1,907 sqft"
5802+E+Gossamer+St,"Est. $842,250","4 bds 3 ba 2,548 sqft"
525+E+Seaside+Way+UNIT+709,"$739,000","2 bds 2 ba 1,399 sqft"
3535+Falcon+Ave,$--,2 bds 1 ba 850 sqft
3829+Hackett+Ave,"Est. $853,941","5 bds 2 ba 2,510 sqft"
1513+E+Broadway,"$1,350,000","5 bds 5 ba 2,474 sqft"
6425+E+El+Paseo+St,"Est. $726,814","3 bds 2 ba 1,552 sqft"
100+W+5th+St+UNIT+7E,"$649,000","1 bd1 ba 1,244 sqft"
327+Chestnut+Ave+APT+204,"Est. $395,063","2 bds 2 ba 1,010 sqft"
5585+E+Pacific+Coast+Hwy+UNIT+209,"$310,000",1 bd1 ba 597 sqft
3113+Atlantic+Ave+UNIT+31,"$436,178","2 bds 3 ba 1,233 sqft"
6700+Gale+Ave,"Est. $493,558","3 bds 2 ba 1,466 sqft"
205+E+Bort+St,"$432,444",2 bds 1 ba 816 sqft
1206+Gladys+Ave,"$2,450,000","2 bds 2 ba 7,680 sqft"
3400+Gale+Ave,"Est. $508,361","4 bds 2 ba 1,345 sqft"
335+Cedar+Ave+UNIT+402,"$309,000",1 bd1 ba 617 sqft
2559+Cedar+Ave,"Est. $782,688","4 bds 3 ba 2,449 sqft"
315+W+3rd+St+UNIT+605,"$649,950","1 bd1 ba 1,284 sqft"
1372+Lewis+Ave,"$849,900","5 bds 3 ba 1,904 sqft"
5493+E+29th+St,"Est. $692,934","3 bds 2 ba 1,438 sqft"
27+66th+Pl,"$1,775,000","3 bds 4 ba 2,463 sqft"
1215+Orizaba+Ave,"$1,389,000","9 bds 9 ba 4,700 sqft"
1000+E+Ocean+Blvd+UNIT+203,"$1,089,000","3 bds 2 ba 1,510 sqft"
731+Junipero+Ave,"Est. $630,136","2 bds 1 ba 1,162 sqft"
30+Belmont+Ave,"$2,700,000","3 bds 2 ba 4,096 sqft"
1371+Granada+Ave,"Est. $745,216","2 bds 1 ba 1,364 sqft"
3408+E+64th+St,"Est. $531,119","4 bds 2 ba 1,551 sqft"
1518+E+3rd+St,"$7,495,000","3 bds 2 ba 16,428 sqft"
5313+Marina+Pacifica+Dr+S,"$549,900",1 bd2 ba 980 sqft
1439+Locust+Ave,"Est. $435,163","3 bds 1 ba 1,344 sqft"
5961+E+Walton+St,"Est. $735,871","4 bds 2 ba 1,633 sqft"
3320+E+8th+St,"$1,200,000","4 bds 4 ba 2,940 sqft"
3595+Santa+Fe+Ave+#+88,"$524,500","3 bds 2 ba 1,600 sqft"
8042+Dorado+Cir,"$1,034,990+","4 bds 4 ba 2,901 sqft"
100+Atlantic+Ave+APT+1115,"$299,000",Studio1 ba 490 sqft
349+E+Smith+St,"Est. $567,308","4 bds 2 ba 1,816 sqft"
433+Pine+Ave+UNIT+406,"$604,900",1 bd1 ba 954 sqft
850+E+Ocean+Blvd+UNIT+405,"$895,000","2 bds 2 ba 1,399 sqft"
477+E+Sunset+St,$--,1 bd1 ba 500 sqft
5104+Marina+Pacifica+Dr+S,"$412,500",Studio1 ba 701 sqft
1467+Obispo+Ave+APT+5,"Est. $257,878",1 bd1 ba 570 sqft
486+Walnut+Ave,"Est. $876,524","5 bds 3 ba 2,189 sqft"
1187+E+3rd+St+UNIT+211,"Est. $417,398","2 bds 2 ba 1,039 sqft"
841+Gardenia+Ave+APT+305,"Est. $256,234",1 bd1 ba 540 sqft
57+W+Arbor+St,"Est. $606,058","3 bds 2 ba 1,585 sqft"
2316+Tulane+Ave,"Est. $801,197","3 bds 2 ba 1,951 sqft"
3811+Marber+Ave,"Est. $690,857","4 bds 2 ba 1,718 sqft"
2816+E+56th+St,$--,"3 bds 2 ba 1,406 sqft"
411+W+Seaside+Way+UNIT+1901,"$949,000","2 bds 2 ba 1,330 sqft"
1510+Stanley+Ave,"Est. $493,265",2 bds 1 ba 863 sqft
2730+Rodloy+Ave,"Est. $503,361","4 bds 2 ba 1,285 sqft"
1741+Rose+Ave,"Est. $495,811",2 bds 1 ba 752 sqft
1934+Locust+Ave,"Est. $609,047","3 bds 2 ba 1,408 sqft"
1947+Daisy+Ave,"$849,000","2 bds 3 ba 1,552 sqft"
433+Pine+Ave+UNIT+302,"$539,000","Studio1 ba 1,228 sqft"
1837+Lime+Ave,"Est. $508,041",3 bds 1 ba 989 sqft
1116+Belmont+Ave+#+A,"Est. $1,056,348","5 bds 3 ba 2,571 sqft"
3595+Santa+Fe+Ave+#182,"$504,500","3 bds 2 ba 1,600 sqft"
224+E+67th+Way,"$650,000","5 bds 2 ba 1,926 sqft"
394+Coronado+Ave,"$4,225,000","5 bds 4 ba 8,688 sqft"
3260+Chestnut+Ave,"Est. $730,549","3 bds 2 ba 1,784 sqft"
1380+Bennett+Ave,"Est. $630,171","2 bds 1 ba 1,017 sqft"
5708+Malaga+Pl,"Est. $1,173,927","5 bds 3 ba 2,927 sqft"
2125+W+29th+St,"Est. $495,917","3 bds 2 ba 1,649 sqft"
2361+Tevis+Ave,"Est. $738,525","3 bds 2 ba 1,645 sqft"
1775+Ohio+Ave+UNIT+207,"Est. $387,850","2 bds 2 ba 1,019 sqft"
3440+Walnut+Ave,"Est. $638,221","2 bds 1 ba 1,099 sqft"
1524+Henderson+Ave,"$1,298,000","4 bds 4 ba 4,636 sqft"
2063+Atlantic+Ave,"Est. $583,042","3 bds 2 ba 1,750 sqft"
174+E+67th+St,"Est. $549,712","3 bds 2 ba 1,707 sqft"
6541+Walnut+Ave,"Est. $457,926","2 bds 1 ba 1,088 sqft"
0+Parade,"$300,000","5,431 sqft lot"
1403+Locust+Ave,"Est. $604,723","2 bds 2 ba 1,457 sqft"
1408+Walnut+Ave,"$954,900","6 bds 4 ba 3,538 sqft"
5501+Lemon+Ave,"Est. $512,282","3 bds 2 ba 1,227 sqft"
1310+E+Ocean+Blvd+UNIT+1005,"$725,000",1 bd1 ba 990 sqft
5703+E+Belen+St,"Est. $663,266","3 bds 1 ba 1,386 sqft"
1115+E+Artesia+Blvd,"$335,000","6,207 sqft lot"
2408+Linden+Ave,"Est. $609,258","3 bds 2 ba 1,564 sqft"
645+Pacific+Ave+UNIT+212,"Est. $421,553",2 bds 2 ba 988 sqft
206+E+68th+St,"$1,550,000",8 bds 6 ba -- sqft
8032+Dorado+Cir,"$899,990+","4 bds 3 ba 2,527 sqft"
1865+Lemon+Ave,"$690,000","6 bds 3 ba 3,504 sqft"
7135+Eastondale+Ave,"Est. $504,267","4 bds 2 ba 1,300 sqft"
388+E+Ocean+Blvd+UNIT+212,"Est. $598,161","2 bds 2 ba 1,040 sqft"
8016+Dorado+Cir,"$899,990+","4 bds 3 ba 2,527 sqft"
30+W+Harcourt+St,"Est. $534,374","3 bds 2 ba 1,438 sqft"
1330+E+Michelson+St,"Est. $520,484","3 bds 2 ba 1,148 sqft"
224+E+67th+Way+#+1,"$650,000","5 bds 2 ba 1,926 sqft"
224+E+67th+Way+#+2,"$650,000","5 bds 2 ba 1,926 sqft"
416+W+Burnett+St+APT+1-4,"$1,100,000","4 bds 4 ba 2,355 sqft"
1524+E+3rd+St,"$3,400,000","5 bds 6 ba 9,044 sqft"
645+Chestnut+Ave+APT+315,"Est. $387,828",2 bds 2 ba 867 sqft
3595+Santa+Fe+Ave+#+53,"$514,500","3 bds 2 ba 1,600 sqft"
1310+E+Ocean+Blvd+UNIT+903,"$699,900",1 bd1 ba 960 sqft
55+W+Arbor+St+#+57,"$747,382","3 bds 2 ba 1,585 sqft"
2320+Delta+Ave,"Est. $521,233","2 bds 1 ba 1,386 sqft"
114+W+Market+St,"Est. $681,500","4 bds 4 ba 2,216 sqft"
2528+E+17th+St,"Est. $480,511",2 bds 1 ba 808 sqft
1000+E+Ocean+Blvd+UNIT+306,"$1,100,000","3 bds 2 ba 1,409 sqft"
1927+Caspian+Ave,"$1,200,000","3 bds 3 ba 3,036 sqft"
43+E+Plymouth+St,"Est. $629,919","4 bds 3 ba 1,738 sqft"
0+Long+Beach+Blvd,"$294,000",348 sqft lot
3322+Elm+Ave,"Est. $370,777",2 bds 2 ba 977 sqft
2240+Delta+Ave,"Est. $493,765",3 bds 1 ba 999 sqft
1415+Locust+Ave,"$1,499,000","8 bds 4 ba 3,833 sqft"
4910+Oregon+Ave,"Est. $636,961","4 bds 3 ba 1,800 sqft"
6974+Long+Beach+Blvd,"$6,425,000","3 bds 2 ba 17,703 sqft"
1315+W+21st+St,"Est. $657,357","3 bds 3 ba 1,899 sqft"
6441+Indiana+Ave,"Est. $535,203","3 bds 1 ba 1,321 sqft"
2391+Fashion+Ave,"Est. $460,063","2 bds 1 ba 1,162 sqft"
3166+San+Francisco+Ave,"Est. $554,339",3 bds 1 ba 996 sqft
134+W+Plymouth+St,"Est. $546,823","4 bds 2 ba 1,578 sqft"
1140+E+Ocean+Blvd+UNIT+210,"Est. $444,641",1 bd1 ba 732 sqft
444+E+Norton+St,"Est. $499,708","3 bds -- ba 1,238 sqft"
5535+Ackerfield+Ave+UNIT+44,"Est. $233,543",1 bd1 ba 671 sqft
8015+Dorado+Cir,"$899,990+","4 bds 3 ba 2,527 sqft"
3318+Elm+Ave,"Est. $370,210",2 bds 3 ba 979 sqft
206+1/2+E+68th+St,"$1,550,000","8 bds 6 ba 3,372 sqft"
2017+W+Jeanette+Pl,$--,"3 bds 2 ba 1,210 sqft"
6170+Coke+Ave,"Est. $563,285","3 bds 2 ba 1,219 sqft"
1974+Daisy+Ave,"Est. $608,640","3 bds 1 ba 1,519 sqft"
2620+Fashion+Ave,"Est. $721,844","4 bds 2 ba 2,466 sqft"
5825+Jaymills+Ave,"Est. $471,552",2 bds 1 ba 833 sqft
3221+E+Curry+St,"Est. $576,675","4 bds 2 ba 1,332 sqft"
940+Martin+Luther+King+Jr+Ave,"$460,000","2,992 sqft lot"
3309+N+Crest+Dr,"Est. $407,200","2 bds 2 ba 1,100 sqft"
2101+E+63rd+St,"Est. $459,389",2 bds 1 ba 864 sqft
1041+E+66th+Way,"Est. $682,898","6 bds 3 ba 2,342 sqft"
51+W+Harcourt+St,"Est. $509,889","3 bds 2 ba 1,474 sqft"
1631+E+10th+St,"Est. $678,165","2 bds 3 ba 1,540 sqft"
3231+E+Janice+St,"Est. $552,170","4 bds 2 ba 1,200 sqft"
1310+E+Ocean+Blvd+UNIT+603,"$649,000",1 bd1 ba 960 sqft
7062+Olive+Ave,"Est. $446,786",2 bds 1 ba 905 sqft
5462+Atlantic+Ave,"$990,000","4 bds 4 ba 2,926 sqft"
5933+Lemon+Ave,"Est. $465,847","2 bds 2 ba 1,164 sqft"
6460+Brayton+Ave,"Est. $532,607","3 bds 2 ba 1,475 sqft"
324+W+7th+St,"$1,195,000","1 bd1 ba 2,808 sqft"
1133+Ohio+Ave,"$2,495,000","2 bds 2 ba 6,120 sqft"
435+Daisy+Ave,"Est. $953,422","2 bds 4 ba 2,770 sqft"
2701+Adriatic+Ave,"Est. $546,514","4 bds 2 ba 1,693 sqft"
1940+Henderson+Ave,"Est. $824,839","4 bds 4 ba 2,732 sqft"
6648+Gale+Ave,"Est. $481,647","3 bds 1 ba 1,099 sqft"
1012+E+10th+St,"$640,000","7,514 sqft lot"
2514+Adriatic+Ave,"Est. $512,896","3 bds 2 ba 1,347 sqft"
2333+Caspian+Ave,"Est. $687,612","5 bds 2 ba 2,459 sqft"
4935+Locust+Ave,"Est. $500,764","2 bds 1 ba 1,242 sqft"
6568+Gundry+Ave,"Est. $539,136","3 bds 1 ba 1,704 sqft"
1058+E+70th+Way,"Est. $448,040",2 bds 1 ba 900 sqft
3076+Gale+Ave,"Est. $449,278",2 bds 1 ba 889 sqft
401+W+31st+St,"Est. $618,842","3 bds 2 ba 1,191 sqft"
1410+E+60th+St,"Est. $574,698","2 bds 2 ba 1,599 sqft"
6890+Long+Beach+Blvd,"$590,000",0.36 acres lot
1733+W+29th+St,"Est. $521,749","3 bds 1 ba 1,683 sqft"
2408+And+2410+Linden+Ave,"$748,681",-- bds -- ba -- sqft
5828+Falcon+Ave,"Est. $460,283",2 bds 1 ba 980 sqft
2190+W+17th+St,"$800,000","9,134 sqft lot"
1081+E+66th+Way,"Est. $506,706","3 bds 1 ba 1,144 sqft"
84+W+Pleasant+St,"Est. $460,471",2 bds 1 ba 796 sqft
774+Obispo+Ave,"$1,489,000","9 bds 5 ba 4,191 sqft"
1941+Daisy+Ave,"$849,000","2 bds 3 ba 1,552 sqft"
1901+Pacific+Ave,"$570,000","8,150 sqft lot"
259+E+Ellis+St,"Est. $515,769","4 bds 1 ba 1,670 sqft"
6761+Delta+Ave,"Est. $411,045",2 bds 1 ba 861 sqft
1232+E+Washington+St,"Est. $495,972",2 bds 1 ba 916 sqft
115+W+4th+St+UNIT+206,"Est. $594,496","-- bds 1 ba 1,136 sqft"
3358+Elm+Ave+#+22,"Est. $376,880",2 bds 2 ba 977 sqft
1020+E+10th+St,"$640,000","7,509 sqft lot"
1941+&+1947+Daisy+Ave,"$849,000",1 bd1 ba -- sqft
1826+N+Palmer+Ct,$--,"Studio-- ba 5,882 sqft"
1600+Orizaba+Ave,"$2,800,000","Studio-- ba 6,543 sqft"
6341+Coronado+Ave,"$589,900","3 bds 2 ba 1,200 sqft"
259+E+52nd+St,"$369,900",2 bds 2 ba 650 sqft
5925+Orange+Ave,"$475,000","3 bds 2 ba 1,250 sqft"
8115+Marina+Pacifica+Dr+N,"Est. $385,335",Studio-- ba 650 sqft
2135+E+4th+St+APT+302,"Est. $450,874","2 bds 2 ba 1,111 sqft"
